,Veterans' Home Care Providers in the ACT,,,
,Provider Name,Telephone,Email,Website
ACT,Alliance Care Group Australia,1300 553 522,info@alliancecare.com.au,www.alliancecare.com.au
ACT,Alliance Community,1300 169 901,info@alliancecommunity.com.au,www.alliancecommunity.com.au
ACT,Altido Consulting Services Pty Ltd,02 6282 5555,info@altido.com.au,www.altido.com.au
ACT,Annecto Inc,1300 236 328,info@annecto.org.au,www.annecto.org.au
ACT,Calvary Home Care Service Ltd,02 6264 7333,homecare.canberra@calvarycare.org.au,www.calvarycare.org.au
ACT,FrontLine Support & Wellbeing Services,02 6282 2444,admin@frontline.org.au,www.frontline.org.au
ACT,HenderCare,1300 764 433,info@hendercare.com.au,www.hendercare.com.au
ACT,HomeFront Australia,02 6282 2444,info@homefront.org.au,www.homefront.org.au
ACT,Illawarra Retirement Trust,1300 650 445,info@irt.org.au,www.irt.org.au
ACT,Kirinari Community Services,1300 547 462,info@kirinari.com.au,www.kirinari.com.au
ACT,Life Without Barriers,02 6243 3400,info@lwb.org.au,www.lwb.org.au
ACT,Mercy Aged and Community Services,02 6205 9200,mercycommunity@mercycs.org.au,www.mercycs.org.au
ACT,Programmed Care,1300 731 881,info@programmed.com.au,www.programmed.com.au
ACT,RSL LifeCare at Home,1300 090 256,info@rsllifecare.org.au,www.rsllifecare.org.au
ACT,Rubies Nursing,02 6280 4444,info@rubiesnursing.com.au,www.rubiesnursing.com.au
ACT,Salveo Care,02 6282 2444,info@salveocare.com.au,www.salveocare.com.au
ACT,Trilogy Care,1300 459 199,info@trilogycare.com.au,www.trilogycare.com.au
ACT,We Care Staffing Solutions Pty Ltd,02 6282 2444,info@wecarestaffing.com.au,www.wecarestaffing.com.au
ACT,Woden Community Service (WCS),02 6282 2644,info@wcs.org.au,www.wcs.org.au
NSW (Central Coast),Allcare Nursing & Community Services,1300 130 168,info@allcare.com.au,www.allcare.com.au
NSW (Central Coast),Altido Consulting Services Pty Ltd,1300 001 953,info@altido.com.au,www.altido.com.au
NSW (Central Coast),Fairhaven Services Ltd,02 4353 0444,info@fairhaven.org.au,www.fairhaven.org.au
NSW (Central Coast),FrontLine Support & Wellbeing Services,1300 385 734,info@frontlinewellbeing.com.au,www.frontlinewellbeing.com.au
NSW (Central Coast),Healthcare Australia Pty Ltd,1300 422 247,info@healthcareaustralia.com.au,www.healthcareaustralia.com.au
NSW (Central Coast),HenderCare,1300 764 433,info@hendercare.com.au,www.hendercare.com.au
NSW (Central Coast),HomeFront Australia,1300 552 155,info@homefrontaustralia.com.au,www.homefrontaustralia.com.au
NSW (Central Coast),HomeWise Health Pty Ltd,1300 466 394,info@homewisehealth.com.au,www.homewisehealth.com.au
NSW (Central Coast),My Home Care,1300 015 406,info@myhomecare.com.au,www.myhomecare.com.au
NSW (Central Coast),Phoenix Palm Services,1300 881 698,info@phoenixpalm.com.au,www.phoenixpalm.com.au
NSW (Central Coast),Premium Aged and Community Services,1300 887 303,info@premiumacs.com.au,www.premiumacs.com.au
NSW (Central Coast),Regal Health Pty Ltd,1300 734 425,info@regalhealth.com.au,www.regalhealth.com.au
NSW (Central Coast),RSL LifeCare at Home,1300 456 622,info@rsllifecare.org.au,www.rsllifecare.org.au
NSW (Central Coast),Rubies Nursing,1300 782 437,info@rubiesnursing.com.au,www.rubiesnursing.com.au
NSW (Central Coast),Salveo Care,1300 364 273,info@salveocare.com.au,www.salveocare.com.au
NSW (Central Coast),Smarter Living Choices,1300 552 155,info@smarterlivingchoices.com.au,www.smarterlivingchoices.com.au
NSW (Central Coast),Squeeky Group,1300 784 337,info@squeekygroup.com.au,www.squeekygroup.com.au
NSW (Central Coast),Trilogy Care,1300 459 190,info@trilogycare.com.au,www.trilogycare.com.au
NSW (Central Coast),United Protestant Association of NSW Ltd,1300 366 378,info@upa.org.au,www.upa.org.au
NSW (Central Coast),Vital Home Health Services Pty Ltd,1300 884 882,info@vitalhomehealth.com.au,www.vitalhomehealth.com.au
NSW (Central Coast),We Care Staffing Solutions Pty Ltd,1300 023 782,info@wecarestaffing.com.au,www.wecarestaffing.com.au
NSW (Central Coast),Your Nursing Agency,1300 134 260,info@yournursingagency.com.au,www.yournursingagency.com.au
NSW (Central Sydney),Alliance Care Group Australia,1300 553 522,www.alliancecaregroup.com.au,
NSW (Central Sydney),Alliance Community,1300 553 522,www.alliancecaregroup.com.au,
NSW (Central Sydney),Altido Consulting Services Pty Ltd,02 8005 5444,www.altido.com.au,
NSW (Central Sydney),Altius Group by Altius,1300 135 415,www.altiusgroup.com.au,
NSW (Central Sydney),Annecto Inc,1800 266 328,www.annecto.org.au,
NSW (Central Sydney),Calvary Home Care Service Ltd,1300 797 455,www.calvarycare.org.au,
NSW (Central Sydney),CatholicCare Sydney,13 18 19,www.catholiccare.org,
NSW (Central Sydney),FrontLine Support & Wellbeing Services,1300 177 895,www.frontlinewellbeing.com,
NSW (Central Sydney),Green Heart Care Pty Ltd,02 9744 8888,www.greenheartcare.com.au,
NSW (Central Sydney),Healthcare Australia Pty Ltd,1300 422 247,www.healthcareaustralia.com.au,
NSW (Central Sydney),HenderCare,1300 764 433,www.hendercare.com.au,
NSW (Central Sydney),HomeFront Australia,1300 979 899,www.homefrontaustralia.com.au,
NSW (Central Sydney),HomeWise Health Pty Ltd,1300 466 394,www.homewisehealth.com.au,
NSW (Central Sydney),Illawarra Retirement Trust,1300 650 445,www.irt.org.au,
NSW (Central Sydney),KNC Care,02 9744 8888,www.knccare.com.au,
NSW (Central Sydney),Mercy Aged and Community Services,02 9564 1911,www.mercycs.org.au,
NSW (Central Sydney),Multicultural Care,02 9569 1288,www.multiculturalcare.org.au,
NSW (Central Sydney),My Home Care,1800 200 422,www.myhomecare.com.au,
NSW (Central Sydney),Phoenix Palm Services,02 9744 8888,www.phoenixpalmservices.com.au,
NSW (Central Sydney),Prestige Inhome Care,1300 10 20 20,www.prestigeinhomecare.com.au,
NSW (Central Sydney),Regal Health Pty Ltd,02 9744 8888,www.regalhealth.com.au,
NSW (Central Sydney),RSL LifeCare at Home,1300 456 622,www.rsllifecare.org.au,
NSW (Central Sydney),Rubies Nursing,02 9744 8888,www.rubiesnursing.com.au,
NSW (Central Sydney),Squeeky Group,1300 797 455,www.squeekygroup.com.au,
NSW (Central Sydney),St George & Shore Visiting Nurses,02 9543 7200,www.sgshvn.com.au,
NSW (Central Sydney),Trilogy Care,1300 459 190,www.trilogycare.com.au,
NSW (Central Sydney),Vital Home Health Services Pty Ltd,1300 797 455,www.vitalhomehealth.com.au,
NSW (Central Sydney),We Care Staffing Solutions Pty Ltd,02 9744 8888,www.wecarestaffing.com.au,
NSW (Central Sydney),Your Nursing Agency,1300 134 260,www.yournursingagency.com.au,
NSW (Far West),Altido Consulting Services Pty Ltd,1300 001 953,www.altido.com.au,
NSW (Far West),Annecto Inc,1800 266 328,www.annecto.org.au,
NSW (Far West),FrontLine Support & Wellbeing Services,1300 177 895,www.frontlinewellbeing.com,
NSW (Far West),Green Heart Care Pty Ltd,1300 932 263,www.greenheartcare.com.au,
NSW (Far West),Kirinari Community Services,1300 547 462,www.kirinari.com.au,
NSW (Far West),LiveBetter Community Services,1300 003 309,www.livebetter.org.au,
NSW (Far West),Rubies Nursing,1300 782 423,www.rubiesnursing.com.au,
NSW (Far West),Trilogy Care,1300 459 190,www.trilogycare.com.au,
NSW (Far West),We Care Staffing Solutions Pty Ltd,1300 023 388,www.wecarestaffing.com.au,
NSW (Greater Murray Region),Alliance Community,1300 369 242,www.alliancecommunity.com.au,
NSW (Greater Murray Region),Altido Consulting Services Pty Ltd,1300 001 953,www.altido.com.au,
NSW (Greater Murray Region),Altius Group by Altius,1300 135 871,www.altiusgroup.com.au,
NSW (Greater Murray Region),Calvary Home Care Service Ltd,1300 797 455,www.calvarycare.org.au,
NSW (Greater Murray Region),FrontLine Support & Wellbeing Services,1300 177 895,www.frontlinewellbeing.com,
NSW (Greater Murray Region),Green Heart Care Pty Ltd,1300 932 263,www.greenheartcare.com.au,
NSW (Greater Murray Region),Grey Army,1300 473 972,www.greyarmy.com.au,
NSW (Greater Murray Region),Intereach Limited,1300 488 226,www.intereach.com.au,
NSW (Greater Murray Region),Jindalee Services Albury/Wodonga,(02) 6021 6644,www.jindalee.org.au,
NSW (Greater Murray Region),Kirinari Community Services,1300 547 462,www.kirinari.com.au,
NSW (Greater Murray Region),Lana & Terry Beyond Care,0407 255 277,www.beyondcare.com.au,
NSW (Greater Murray Region),Life Without Barriers,1300 592 227,www.lwb.org.au,
NSW (Greater Murray Region),LiveBetter Community Services,1300 003 262,www.livebetter.org.au,
NSW (Greater Murray Region),Mercy Aged and Community Services,1300 637 290,www.mercycs.org.au,
NSW (Greater Murray Region),Phoenix Palm Services,1300 746 356,www.phoenixpalmservices.com.au,
NSW (Greater Murray Region),RSL LifeCare at Home,1300 456 622,www.rsllifecare.org.au,
NSW (Greater Murray Region),Rubies Nursing,1300 782 434,www.rubiesnursing.com.au,
NSW (Greater Murray Region),Trilogy Care,1300 459 190,www.trilogycare.com.au,
NSW (Greater Murray Region),United Protestant Association of NSW Ltd,1300 366 378,www.upansw.org.au,
NSW (Greater Murray Region),Valmar,1300 825 627,www.valmar.com.au,
NSW (Greater Murray Region),We Care Staffing Solutions Pty Ltd,1300 967 322,www.wecarestaffing.com.au,
NSW (Greater Murray Region),Westmont Aged Care Services Ltd,1300 937 869,www.westmont.com.au,